Country Name,Country Code,Series Name,Series Code,2013 [YR2013],2014 [YR2014],2015 [YR2015],2016 [YR2016],2017 [YR2017],2018 [YR2018],2019 [YR2019]
Colombia,COL,Depth of credit information index (0=low to 8=high),IC.CRD.INFO.XQ,7,7,7,7,7,7,7
Colombia,COL,Domestic credit to private sector (% of GDP),FS.AST.PRVT.GD.ZS,39.4836916913458,42.3846056970013,46.9053935998568,47.0541978052352,49.8054213986162,49.567317750776,51.5551729249983
Colombia,COL,Bank nonperforming loans to total gross loans (%),FB.AST.NPER.ZS,2.7753536292828,2.91526084121936,2.8476727881339,3.12453653608401,4.17978145473376,4.50181155266895,4.24860633329645
Colombia,COL,"Agriculture, forestry, and fishing, value added (annual % growth)",NV.AGR.TOTL.KD.ZG,7.45356500898741,2.91067246570759,4.29995665366276,2.73668024270634,5.57634352055987,1.59393080194643,2.71732981331323
Colombia,COL,"Annualized average growth rate in per capita real survey mean consumption or income, total population (%)",SI.SPR.PCAP.ZG,..,..,..,..,..,..,..
Colombia,COL,GDP per capita growth (annual %),NY.GDP.PCAP.KD.ZG,4.09826590865887,3.51395347912819,1.9906164936335,1.0022727252119,-0.161953874918439,0.638439615993107,1.31495237842461
Colombia,COL,GDP growth (annual %),NY.GDP.MKTP.KD.ZG,5.13399351995672,4.49903000110972,2.95590137527523,2.08738250162794,1.35936086788746,2.56432428277704,3.18685539245533
Colombia,COL,"Industry (including construction), value added (annual % growth)",NV.IND.TOTL.KD.ZG,4.71253489120669,3.38783974747197,2.09328126386794,1.70566424842539,-2.15402105299148,0.289157468518098,0.196426004886689
Colombia,COL,"Manufacturing, value added (annual % growth)",NV.IND.MANF.KD.ZG,1.50960316867199,2.89016733101251,2.00349589589999,3.22380222268987,-1.81639904471584,1.47525584614625,1.2043614253559
Colombia,COL,Adjusted net national income (annual % growth),NY.ADJ.NNTY.KD.ZG,6.3475825825242,5.48915150545814,3.9254964242859,2.7011527110989,0.987181582413015,2.23305253126154,3.479213773339
Colombia,COL,Adjusted net national income per capita (annual % growth),NY.ADJ.NNTY.PC.KD.ZG,5.29989929772073,4.49474144757841,2.95112089869252,1.60951903291897,-0.5285470770838,0.313388265101693,1.60200711348757
Argentina,ARG,Depth of credit information index (0=low to 8=high),IC.CRD.INFO.XQ,8,8,8,8,8,8,8
Argentina,ARG,Domestic credit to private sector (% of GDP),FS.AST.PRVT.GD.ZS,15.7290920133564,13.8237692455151,14.4142330417064,13.6676334273514,15.9584973420583,..,..
Argentina,ARG,Bank nonperforming loans to total gross loans (%),FB.AST.NPER.ZS,1.53372870982538,1.79255873857878,1.57420132816491,1.70027750562075,1.73479928371252,2.95778551361675,5.7029147138395
Argentina,ARG,"Agriculture, forestry, and fishing, value added (annual % growth)",NV.AGR.TOTL.KD.ZG,11.4766196176651,3.10425319146779,7.54196172215384,-4.71694335251273,3.44506458176149,-14.5815222472444,21.4353935711251
Argentina,ARG,"Annualized average growth rate in per capita real survey mean consumption or income, total population (%)",SI.SPR.PCAP.ZG,..,..,..,..,..,..,..
Argentina,ARG,GDP per capita growth (annual %),NY.GDP.PCAP.KD.ZG,1.26568517537076,-3.57858050983289,1.62966427946263,-3.11006389821465,1.75764818265694,-3.60160975657155,-2.96956249866219
Argentina,ARG,GDP growth (annual %),NY.GDP.MKTP.KD.ZG,2.40532378079436,-2.51261532081394,2.73115982828944,-2.08032784377811,2.81850297775918,-2.61739646282038,-2.00086100285785
Argentina,ARG,"Industry (including construction), value added (annual % growth)",NV.IND.TOTL.KD.ZG,0.551194177258154,-3.46203501608358,1.38980831410751,-5.82515874143607,2.3028329031401,-3.04931518944642,-4.7407553055391
Argentina,ARG,"Manufacturing, value added (annual % growth)",NV.IND.MANF.KD.ZG,1.50353167175462,-5.05404738502804,0.765932390755125,-5.60113973937672,2.57407049038565,-4.80492254451184,-6.15655048987678
Argentina,ARG,Adjusted net national income (annual % growth),NY.ADJ.NNTY.KD.ZG,2.10308369563433,-3.40009167257504,5.13244184925927,-2.0944685133817,5.69869384130808,-5.60440985989817,-4.23802050263347
Argentina,ARG,Adjusted net national income per capita (annual % growth),NY.ADJ.NNTY.PC.KD.ZG,0.966808630859191,-4.45635284809352,4.0051994728682,-3.12405586269082,4.60812197972544,-6.55843441164376,-5.18460813319408
Peru,PER,Depth of credit information index (0=low to 8=high),IC.CRD.INFO.XQ,8,8,8,8,8,8,8
Peru,PER,Domestic credit to private sector (% of GDP),FS.AST.PRVT.GD.ZS,37.7199291764532,40.8996268175973,43.8679314540477,42.8090253456419,42.4146143080756,43.9039424432995,44.7242368945336
Peru,PER,Bank nonperforming loans to total gross loans (%),FB.AST.NPER.ZS,2.52532864724647,2.86635234019297,2.82627141447332,3.03691673128785,3.26099813127162,3.27104963481759,3.36599445858728
Peru,PER,"Agriculture, forestry, and fishing, value added (annual % growth)",NV.AGR.TOTL.KD.ZG,2.605850504421,-1.08951484321615,3.95317597390137,1.73896990954402,2.96850050805632,9.63205751744556,1.49805510013823
Peru,PER,"Annualized average growth rate in per capita real survey mean consumption or income, total population (%)",SI.SPR.PCAP.ZG,..,..,..,..,..,..,..
Peru,PER,GDP per capita growth (annual %),NY.GDP.PCAP.KD.ZG,4.83334779976734,1.31920125652192,2.04895673228597,2.54786708172743,0.985513944113038,2.03724979302511,0.306641968886368
Peru,PER,GDP growth (annual %),NY.GDP.MKTP.KD.ZG,5.85251821084928,2.38215737180541,3.25224477218451,3.95331871520767,2.51883544233135,3.969351341365,2.24063176875049
Peru,PER,"Industry (including construction), value added (annual % growth)",NV.IND.TOTL.KD.ZG,5.89149829441091,-0.396478772898206,1.70418146422773,4.27529185853805,2.06143849113258,2.83691611071846,-0.0575534744417894
Peru,PER,"Manufacturing, value added (annual % growth)",NV.IND.MANF.KD.ZG,5.24568393094289,-1.10043283691586,-0.861953860989544,-0.0613552017239272,0.555530599104557,5.79712303064596,-1.18090841274086
Peru,PER,Adjusted net national income (annual % growth),NY.ADJ.NNTY.KD.ZG,6.00959333333526,2.7443451184794,2.29899294227562,1.79593807988243,2.49093674149006,2.6233853688896,4.93967403982545
Peru,PER,Adjusted net national income per capita (annual % growth),NY.ADJ.NNTY.PC.KD.ZG,4.98891056978536,1.67762868313537,1.1068139734532,0.419654289963376,0.958032509792446,0.71629641229795,2.95462899772194
Bolivia,BOL,Depth of credit information index (0=low to 8=high),IC.CRD.INFO.XQ,7,7,7,7,7,7,7
Bolivia,BOL,Domestic credit to private sector (% of GDP),FS.AST.PRVT.GD.ZS,46.6796572079739,50.3224201105545,58.0661171896424,63.9737731047306,64.5347127031549,67.8542925028849,71.1981731014089
Bolivia,BOL,Bank nonperforming loans to total gross loans (%),FB.AST.NPER.ZS,1.48473224456689,1.50237950472032,1.49992861153731,1.5769576006293,1.7024307788589,1.73167776169038,1.86600368568285
Bolivia,BOL,"Agriculture, forestry, and fishing, value added (annual % growth)",NV.AGR.TOTL.KD.ZG,4.68512163839765,3.82005894545246,5.11609405765728,3.13345381882574,7.59859952255897,6.91144823836723,5.29964691544755
Bolivia,BOL,"Annualized average growth rate in per capita real survey mean consumption or income, total population (%)",SI.SPR.PCAP.ZG,..,..,..,..,..,..,..
Bolivia,BOL,GDP per capita growth (annual %),NY.GDP.PCAP.KD.ZG,5.06979542446618,3.78318705934984,3.22053894217879,2.66307418762284,2.62330330357308,2.6847971997509,0.737697291142965
Bolivia,BOL,GDP growth (annual %),NY.GDP.MKTP.KD.ZG,6.79601142810841,5.46056950635136,4.85718730035796,4.26392083751466,4.1952063010676,4.22362351118875,2.21670577750376
Bolivia,BOL,"Industry (including construction), value added (annual % growth)",NV.IND.TOTL.KD.ZG,7.53006734042047,5.23642446550963,2.62117047624031,4.00836561358007,2.2492603437624,2.2768804486214,0.123099408583414
Bolivia,BOL,"Manufacturing, value added (annual % growth)",NV.IND.MANF.KD.ZG,6.0852518274952,4.03214905947596,4.57659593315594,6.18483149435613,3.2869659831195,5.51618232063653,3.19377375328847
Bolivia,BOL,Adjusted net national income (annual % growth),NY.ADJ.NNTY.KD.ZG,5.68080147884606,3.64180846857643,3.32645292676126,4.79785710974217,4.50178985869492,4.78755052370123,3.15893386717488
Bolivia,BOL,Adjusted net national income per capita (annual % growth),NY.ADJ.NNTY.PC.KD.ZG,3.97261136620943,1.99335396928402,1.71369681635123,3.18881251289243,2.9252617001174,3.24039802194925,1.66629196022873
Uruguay,URY,Depth of credit information index (0=low to 8=high),IC.CRD.INFO.XQ,7,8,8,8,8,8,8
Uruguay,URY,Domestic credit to private sector (% of GDP),FS.AST.PRVT.GD.ZS,25.9897179274738,27.040029503965,30.1143153516296,25.7911235103309,24.2138872009472,25.2655594301748,25.7179070369925
Uruguay,URY,Bank nonperforming loans to total gross loans (%),FB.AST.NPER.ZS,1.27694211466818,1.27782210089718,1.59817495618485,2.31586181233161,2.37168098623647,2.2553221144042,0.764833930030631
Uruguay,URY,"Agriculture, forestry, and fishing, value added (annual % growth)",NV.AGR.TOTL.KD.ZG,1.98177138114907,0.268081798720047,-1.24971407857645,2.54374017651837,-7.729828359697,4.83343533516035,-0.224036780703074
Uruguay,URY,"Annualized average growth rate in per capita real survey mean consumption or income, total population (%)",SI.SPR.PCAP.ZG,..,..,..,..,..,..,0
Uruguay,URY,GDP per capita growth (annual %),NY.GDP.PCAP.KD.ZG,4.32661365334333,2.91972964540865,0.0416798842422565,1.36367741954804,1.37729272694764,0.335943932037992,0.310434697962393
Uruguay,URY,GDP growth (annual %),NY.GDP.MKTP.KD.ZG,4.6375386412851,3.23879121744656,0.370741265001499,1.68979816429228,1.62775397322494,0.477907183899063,0.350447153086122
Uruguay,URY,"Industry (including construction), value added (annual % growth)",NV.IND.TOTL.KD.ZG,4.92131060073126,4.2514664531339,0.493118703830845,1.06697009331785,-5.46762872737574,2.80564399948378,0.907879891286427
Uruguay,URY,"Manufacturing, value added (annual % growth)",NV.IND.MANF.KD.ZG,1.19814148724097,4.18497783192278,4.8982220088461,0.725579203285108,-4.16952388598924,5.79419787425763,-3.68903423199208
Uruguay,URY,Adjusted net national income (annual % growth),NY.ADJ.NNTY.KD.ZG,7.77479686082671,1.49924581631342,1.59185570543954,4.75044658209644,0.848022786579449,-0.418065199890222,2.01093422379941
Uruguay,URY,Adjusted net national income per capita (annual % growth),NY.ADJ.NNTY.PC.KD.ZG,7.45454967373207,1.18556034451622,1.25879095080093,4.41451029086244,0.599483185100283,-0.558762550054638,1.97025968727709
Australia,AUS,Depth of credit information index (0=low to 8=high),IC.CRD.INFO.XQ,7,7,7,7,7,7,8
Australia,AUS,Domestic credit to private sector (% of GDP),FS.AST.PRVT.GD.ZS,124.766812516765,128.501429843187,136.426211919814,142.696064593072,140.575272332317,139.974554806786,136.264129011724
Australia,AUS,Bank nonperforming loans to total gross loans (%),FB.AST.NPER.ZS,1.36517488167218,1.01384449933768,0.88872549882617,0.947676353339703,0.857013750175751,0.901855193874304,0.961493162441897
Australia,AUS,"Agriculture, forestry, and fishing, value added (annual % growth)",NV.AGR.TOTL.KD.ZG,-0.848482321547692,1.1206660919661,1.492909718468,-7.12734573465541,9.38609842719431,-2.77284826974268,-10.5054653309274
Australia,AUS,"Annualized average growth rate in per capita real survey mean consumption or income, total population (%)",SI.SPR.PCAP.ZG,..,..,..,..,..,-0.26,..
Australia,AUS,GDP per capita growth (annual %),NY.GDP.PCAP.KD.ZG,0.828325557835214,1.06033708469104,0.693065822727618,1.13842433965326,0.604963407727865,1.34828275238704,0.665151144847243
Australia,AUS,GDP growth (annual %),NY.GDP.MKTP.KD.ZG,2.57875428825342,2.57901711177597,2.1527359059391,2.73054799209893,2.28218364248465,2.88304512347683,2.1713962244835
Australia,AUS,"Industry (including construction), value added (annual % growth)",NV.IND.TOTL.KD.ZG,3.39447998302245,4.19873513845796,1.52235700083885,0.945148952987068,-1.05339950881719,3.93451186606526,1.16744439574276
Australia,AUS,"Manufacturing, value added (annual % growth)",NV.IND.MANF.KD.ZG,-3.29679213555815,-0.887826246885922,-1.5283916461419,-2.20139793051463,-0.567554784802155,2.24001550305657,-0.971835718408869
Australia,AUS,Adjusted net national income (annual % growth),NY.ADJ.NNTY.KD.ZG,..,..,..,..,..,..,..
Australia,AUS,Adjusted net national income per capita (annual % growth),NY.ADJ.NNTY.PC.KD.ZG,..,..,..,..,..,..,..
Belgium,BEL,Depth of credit information index (0=low to 8=high),IC.CRD.INFO.XQ,5,5,5,5,5,5,5
Belgium,BEL,Domestic credit to private sector (% of GDP),FS.AST.PRVT.GD.ZS,56.4080635308491,57.8900966815904,60.6328656443199,63.3767301509724,65.0960419961708,68.0857418354669,69.791181355702
Belgium,BEL,Bank nonperforming loans to total gross loans (%),FB.AST.NPER.ZS,4.318537467084,4.24739060198863,3.85093164747182,3.48452664274546,2.96174954064201,2.26826570545996,2.08706915566812
Belgium,BEL,"Agriculture, forestry, and fishing, value added (annual % growth)",NV.AGR.TOTL.KD.ZG,-14.1800114383757,0.241576075638307,18.8473843852578,-7.11463832465125,4.34733514001806,-8.47310897089059,1.24536927563648
Belgium,BEL,"Annualized average growth rate in per capita real survey mean consumption or income, total population (%)",SI.SPR.PCAP.ZG,..,..,..,..,..,..,..
Belgium,BEL,GDP per capita growth (annual %),NY.GDP.PCAP.KD.ZG,-0.0131483860964465,1.12859572471172,1.45189336758756,0.755268919102846,1.22886623616918,1.33065222724522,1.68977647446013
Belgium,BEL,GDP growth (annual %),NY.GDP.MKTP.KD.ZG,0.459242192907709,1.57853314322614,2.04145900919961,1.26668640902095,1.6195802783878,1.79294519302076,2.24085824041289
Belgium,BEL,"Industry (including construction), value added (annual % growth)",NV.IND.TOTL.KD.ZG,-0.158781468599273,3.18016167591774,2.87793171486021,-0.852562139555204,1.10083072974028,0.399218602613189,3.67081471962759
Belgium,BEL,"Manufacturing, value added (annual % growth)",NV.IND.MANF.KD.ZG,1.03580917153478,3.11682641662094,2.72837623935442,-1.6442536200237,1.53468810309167,0.00113589034870643,4.09900307822788
Belgium,BEL,Adjusted net national income (annual % growth),NY.ADJ.NNTY.KD.ZG,0.755124977372361,1.68661215000627,2.52116319764002,1.4274555286699,1.12656968399749,1.35535869290746,2.76551050843621
Belgium,BEL,Adjusted net national income per capita (annual % growth),NY.ADJ.NNTY.PC.KD.ZG,0.281343065556825,1.23619600052571,1.92882596582935,0.915226121797247,0.737751203260856,0.895053027534118,2.21160084859299
Ecuador,ECU,Depth of credit information index (0=low to 8=high),IC.CRD.INFO.XQ,8,8,8,8,8,8,8
Ecuador,ECU,Domestic credit to private sector (% of GDP),FS.AST.PRVT.GD.ZS,28.984637662845,29.4931073105841,29.3088888013936,30.7902323279596,34.2771581990472,38.3078949486514,42.4893238149636
Ecuador,ECU,Bank nonperforming loans to total gross loans (%),FB.AST.NPER.ZS,3.5337134374163,3.57552475175554,4.39684942676597,3.96281179223158,3.30948193981056,2.94923401923922,3.15128362975838
Ecuador,ECU,"Agriculture, forestry, and fishing, value added (annual % growth)",NV.AGR.TOTL.KD.ZG,6.69363529917355,7.58112150634172,2.90904796741694,0.859837312844022,5.53019847131084,0.11498859747887,1.61749662430823
Ecuador,ECU,"Annualized average growth rate in per capita real survey mean consumption or income, total population (%)",SI.SPR.PCAP.ZG,..,..,..,..,..,..,..
Ecuador,ECU,GDP per capita growth (annual %),NY.GDP.PCAP.KD.ZG,3.3505462425089,2.2604243692314,-1.37151925896104,-2.6904994760865,0.790527393070477,-0.608002128663117,-1.87968820683531
Ecuador,ECU,GDP growth (annual %),NY.GDP.MKTP.KD.ZG,4.94651126690626,3.78886854920833,0.0988726083462694,-1.22638398463879,2.36838652633651,1.28929193290502,0.0121051028476558
Ecuador,ECU,"Industry (including construction), value added (annual % growth)",NV.IND.TOTL.KD.ZG,4.37377121410265,3.64206719020541,-0.49274068187907,-1.50863781791503,0.0282634265911241,-1.00576485090549,0.162961534553602
Ecuador,ECU,"Manufacturing, value added (annual % growth)",NV.IND.MANF.KD.ZG,2.15911041399492,0.206023902597451,-0.807951651039048,-0.880360444797788,3.56933316972858,0.586360985335446,-0.798226095223498
Ecuador,ECU,Adjusted net national income (annual % growth),NY.ADJ.NNTY.KD.ZG,6.77270510290273,3.63488525555984,-1.57269931283459,-2.37256376925237,2.86165789611989,-1.08234079248498,-0.854529136496524
Ecuador,ECU,Adjusted net national income per capita (annual % growth),NY.ADJ.NNTY.PC.KD.ZG,5.14896839315024,2.10870870671023,-3.01853680011266,-3.81968950527414,1.27619570528501,-2.935210763409,-2.72992950200293
Dominican Republic,DOM,Depth of credit information index (0=low to 8=high),IC.CRD.INFO.XQ,8,8,8,8,8,8,8
Dominican Republic,DOM,Domestic credit to private sector (% of GDP),FS.AST.PRVT.GD.ZS,23.3897511109954,25.2038732295267,25.9668074857324,26.8524647811727,27.262878693965,27.2116550681332,28.1624931377834
Dominican Republic,DOM,Bank nonperforming loans to total gross loans (%),FB.AST.NPER.ZS,2.25179683245478,1.53648993145054,1.72594966752429,1.73698833018976,1.90658627011135,1.61766972022442,..
Dominican Republic,DOM,"Agriculture, forestry, and fishing, value added (annual % growth)",NV.AGR.TOTL.KD.ZG,2.87096685507926,2.41491609532444,2.34652904661591,5.64433805801785,5.81922977135183,5.4991318326371,4.08876845056683
Dominican Republic,DOM,"Annualized average growth rate in per capita real survey mean consumption or income, total population (%)",SI.SPR.PCAP.ZG,..,..,..,..,..,..,..
Dominican Republic,DOM,GDP per capita growth (annual %),NY.GDP.PCAP.KD.ZG,3.57246478499704,5.74838146329969,5.65574224309763,5.42560152292837,3.49047723780494,5.80704982687432,3.92893172690793
Dominican Republic,DOM,GDP growth (annual %),NY.GDP.MKTP.KD.ZG,4.87520509332271,7.05046368965911,6.9270187716221,6.65920026269582,4.66670467732366,6.98252758458058,5.05216802016253
Dominican Republic,DOM,"Industry (including construction), value added (annual % growth)",NV.IND.TOTL.KD.ZG,9.34877300461439,8.85038596512484,7.89209079029366,6.71787514716232,3.11302928975181,7.77195293669936,5.97332165004312
Dominican Republic,DOM,"Manufacturing, value added (annual % growth)",NV.IND.MANF.KD.ZG,3.03007742687251,5.27818672232662,4.37620793687712,3.1874410537653,2.66691145783804,6.2091488812364,2.54733881348572
Dominican Republic,DOM,Adjusted net national income (annual % growth),NY.ADJ.NNTY.KD.ZG,2.64781924853929,6.8832513468583,11.2682007056196,7.29258846455913,2.58831939230465,6.10053104101095,5.06031178474835
Dominican Republic,DOM,Adjusted net national income per capita (annual % growth),NY.ADJ.NNTY.PC.KD.ZG,1.37274711325426,5.58320296708008,9.94531100427736,6.05166408494368,1.43544850929231,4.93474427998189,3.93698841692766
Chile,CHL,Depth of credit information index (0=low to 8=high),IC.CRD.INFO.XQ,7,7,7,7,7,7,7
Chile,CHL,Domestic credit to private sector (% of GDP),FS.AST.PRVT.GD.ZS,106.149404753624,109.053120899428,109.892121449707,111.111945606218,113.442237371233,117.766117172684,124.178924812766
Chile,CHL,Bank nonperforming loans to total gross loans (%),FB.AST.NPER.ZS,1.95980657852685,1.92055529368576,1.71974445235599,1.83263616219253,1.91636250925282,1.87201462093851,2.05504919265993
Chile,CHL,"Agriculture, forestry, and fishing, value added (annual % growth)",NV.AGR.TOTL.KD.ZG,0.767341129428488,-2.31164980668609,3.40198999358037,3.28978662347834,3.80563538050779,3.76105040435657,-0.670150610350703
Chile,CHL,"Annualized average growth rate in per capita real survey mean consumption or income, total population (%)",SI.SPR.PCAP.ZG,..,..,..,..,..,..,..
Chile,CHL,GDP per capita growth (annual %),NY.GDP.PCAP.KD.ZG,2.31640012009385,0.772927818124586,1.10575838220048,0.550297854884562,-0.213266446651744,2.1390781835667,-1.01858282924621
Chile,CHL,GDP growth (annual %),NY.GDP.MKTP.KD.ZG,3.30850824710085,1.79264947139259,2.15194249981184,1.75303874901438,1.35769537349597,3.99002947784489,0.77053958389908
Chile,CHL,"Industry (including construction), value added (annual % growth)",NV.IND.TOTL.KD.ZG,3.31109264042895,0.858389774868044,1.1615874761941,-0.340899574544906,-0.485033349368081,5.12598829943742,-0.547696830262012
Chile,CHL,"Manufacturing, value added (annual % growth)",NV.IND.MANF.KD.ZG,0.976453039756706,0.497727482528347,1.55446818506783,-0.0915547196049431,0.945027242028388,5.22261964622248,-1.41863824100852
Chile,CHL,Adjusted net national income (annual % growth),NY.ADJ.NNTY.KD.ZG,1.88524797322005,3.83244360363129,4.15021961850222,0.0532790765251008,0.441358202762075,0.0913360128552227,0.837049280539446
Chile,CHL,Adjusted net national income per capita (annual % growth),NY.ADJ.NNTY.PC.KD.ZG,0.906807917783553,2.79228803636602,3.08357024361818,-1.12937032457975,-1.11540113671262,-1.69022120824833,-0.953253973647676
China,CHN,Depth of credit information index (0=low to 8=high),IC.CRD.INFO.XQ,6,6,6,8,8,8,8
China,CHN,Domestic credit to private sector (% of GDP),FS.AST.PRVT.GD.ZS,134.319251401012,140.236886965957,152.59449983253,156.229943475659,154.895051691778,157.81207858845,165.390369621923
China,CHN,Bank nonperforming loans to total gross loans (%),FB.AST.NPER.ZS,0.999702805112438,1.24873335628106,1.67388016445151,1.74447934478824,1.74435460635256,1.83294883223349,1.86175485330958
China,CHN,"Agriculture, forestry, and fishing, value added (annual % growth)",NV.AGR.TOTL.KD.ZG,3.80719982871641,4.05046823694792,3.8985214657053,3.27781355718643,3.96129100014851,3.48291749991172,3.07679355928063
China,CHN,"Annualized average growth rate in per capita real survey mean consumption or income, total population (%)",SI.SPR.PCAP.ZG,..,..,..,..,..,..,6.28
China,CHN,GDP per capita growth (annual %),NY.GDP.PCAP.KD.ZG,7.05073413390865,6.75076031581202,6.42073647734702,6.23821544765877,6.3018631005562,6.25170055576318,5.57531686294364
China,CHN,GDP growth (annual %),NY.GDP.MKTP.KD.ZG,7.76615009763002,7.42576365632598,7.04132887877194,6.84876220493844,6.94720079330668,6.74977383254181,5.9505007536746
China,CHN,"Industry (including construction), value added (annual % growth)",NV.IND.TOTL.KD.ZG,7.98721429182696,7.15556542218437,5.92676376341259,6.03148306015311,5.86828950804075,5.79240682697804,4.87462060180721
China,CHN,"Manufacturing, value added (annual % growth)",NV.IND.MANF.KD.ZG,..,..,..,..,..,..,..
China,CHN,Adjusted net national income (annual % growth),NY.ADJ.NNTY.KD.ZG,5.95226411708165,8.66412906235917,6.97152974562552,8.20959802230313,6.84410996512534,4.0019889587862,4.69764081508481
China,CHN,Adjusted net national income per capita (annual % growth),NY.ADJ.NNTY.PC.KD.ZG,5.24888981009271,7.98134452711685,6.35134201791037,7.59127528448485,6.199394340056,3.51673630135711,4.32689345710222
Canada,CAN,Depth of credit information index (0=low to 8=high),IC.CRD.INFO.XQ,8,8,8,8,8,8,8
Canada,CAN,Domestic credit to private sector (% of GDP),FS.AST.PRVT.GD.ZS,..,..,..,..,..,..,..
Canada,CAN,Bank nonperforming loans to total gross loans (%),FB.AST.NPER.ZS,0.574918196148753,0.517878594833065,0.516596294246744,0.596050944805398,0.449461039885322,0.505214192405336,0.503405461160356
Canada,CAN,"Agriculture, forestry, and fishing, value added (annual % growth)",NV.AGR.TOTL.KD.ZG,17.0891612462929,-6.66529083093064,4.35443834415767,4.11445268418507,2.29782630749338,-0.385562870807149,2.99655533625061
Canada,CAN,"Annualized average growth rate in per capita real survey mean consumption or income, total population (%)",SI.SPR.PCAP.ZG,..,..,..,..,..,0.86,..
Canada,CAN,GDP per capita growth (annual %),NY.GDP.PCAP.KD.ZG,1.25361381330025,1.84102612431141,-0.089285801148975,-0.135842621321913,1.81127891680259,1.33556428524561,0.426917853285573
Canada,CAN,GDP growth (annual %),NY.GDP.MKTP.KD.ZG,2.3291225062102,2.87003607545671,0.659176863558869,1.00139441390405,3.03988022528195,2.77704055379553,1.87959202770178
Canada,CAN,"Industry (including construction), value added (annual % growth)",NV.IND.TOTL.KD.ZG,2.58272660662232,4.29763552568888,-1.10430239120815,-1.42295238487181,3.73139988329261,3.30005989026168,-0.0947837887985798
Canada,CAN,"Manufacturing, value added (annual % growth)",NV.IND.MANF.KD.ZG,-0.327708007738153,2.97221790366623,0.566748620973613,-0.00899549243283104,1.94483511722208,3.05964091339297,-0.179317401302143
Canada,CAN,Adjusted net national income (annual % growth),NY.ADJ.NNTY.KD.ZG,2.51810459615697,2.44856658613453,-2.8077492264202,0.925241141959802,5.2021904568938,1.53133190718479,2.58920521471721
Canada,CAN,Adjusted net national income per capita (annual % growth),NY.ADJ.NNTY.PC.KD.ZG,1.44060964678785,1.42377259830727,-3.53043317108977,-0.211138436577443,3.94780673121747,0.107327045107965,1.12641285342877
Brazil,BRA,Depth of credit information index (0=low to 8=high),IC.CRD.INFO.XQ,7,7,7,7,7,8,8
Brazil,BRA,Domestic credit to private sector (% of GDP),FS.AST.PRVT.GD.ZS,64.2305738235588,66.028510394056,66.829700644229,62.1940069702965,59.4843092982775,60.2183479373178,62.7905050746971
Brazil,BRA,Bank nonperforming loans to total gross loans (%),FB.AST.NPER.ZS,2.85728229301093,2.25174733022776,2.84649627717535,3.08157613195282,2.8789163660392,2.59786426236426,2.65554756569737
Brazil,BRA,"Agriculture, forestry, and fishing, value added (annual % growth)",NV.AGR.TOTL.KD.ZG,8.36144402163974,2.79079441538288,3.314331451855,-5.22421773471419,14.1523861983183,1.30705577691208,0.415036961527989
Brazil,BRA,"Annualized average growth rate in per capita real survey mean consumption or income, total population (%)",SI.SPR.PCAP.ZG,..,..,..,..,..,..,..
Brazil,BRA,GDP per capita growth (annual %),NY.GDP.PCAP.KD.ZG,2.11425645194304,-0.354514802264433,-4.35831717939337,-4.05742300240568,0.523296588574212,0.978938492697395,0.448280407148658
Brazil,BRA,GDP growth (annual %),NY.GDP.MKTP.KD.ZG,3.00482266944432,0.503955740242247,-3.54576339269425,-3.27591690782192,1.32286905404399,1.783666761634,1.22077782360842
Brazil,BRA,"Industry (including construction), value added (annual % growth)",NV.IND.TOTL.KD.ZG,2.16621844265083,-1.50818380082876,-5.76150331253274,-4.56629854966275,-0.500729988499842,0.716981138712185,-0.670037546951107
Brazil,BRA,"Manufacturing, value added (annual % growth)",NV.IND.MANF.KD.ZG,3.01330101667483,-4.68703297639247,-8.48427120815636,-4.76702289394602,2.30954190752686,1.39279554745511,-0.425804288807129
Brazil,BRA,Adjusted net national income (annual % growth),NY.ADJ.NNTY.KD.ZG,4.49132615281339,-0.4644704472814,-3.77127262855312,-3.30834960906,1.40879330569281,0.0820405722430593,1.56915432321065
Brazil,BRA,Adjusted net national income per capita (annual % growth),NY.ADJ.NNTY.PC.KD.ZG,3.58790782071998,-1.31466902329225,-4.58192667097993,-4.08959365563182,0.60854278336997,-0.70923419534769,0.793998164626174
Austria,AUT,Depth of credit information index (0=low to 8=high),IC.CRD.INFO.XQ,7,7,7,7,7,7,7
Austria,AUT,Domestic credit to private sector (% of GDP),FS.AST.PRVT.GD.ZS,92.5577521177166,87.5555878537003,85.8912078782063,83.1743254030007,84.1462059957624,84.3539725186295,85.922248720282
Austria,AUT,Bank nonperforming loans to total gross loans (%),FB.AST.NPER.ZS,2.86654169526513,3.47337431453068,3.39283728404187,2.69521741465076,2.36889544229069,1.88242856429559,1.62862135995416
Austria,AUT,"Agriculture, forestry, and fishing, value added (annual % growth)",NV.AGR.TOTL.KD.ZG,-2.97953873819165,2.779666321333,2.09812604505997,2.24423579259137,5.2134751220199,2.8892436677549,-2.19835866416727
Austria,AUT,"Annualized average growth rate in per capita real survey mean consumption or income, total population (%)",SI.SPR.PCAP.ZG,..,..,..,..,..,..,..
Austria,AUT,GDP per capita growth (annual %),NY.GDP.PCAP.KD.ZG,-0.562298942527448,-0.122370667337563,-0.111540189504495,0.892469139632297,1.55072408627153,1.92771305987296,1.06696970619677
Austria,AUT,GDP growth (annual %),NY.GDP.MKTP.KD.ZG,0.0255047121972183,0.661272848852605,1.01450158590511,1.98943716230463,2.25857243250671,2.42538536088061,1.51738858303159
Austria,AUT,"Industry (including construction), value added (annual % growth)",NV.IND.TOTL.KD.ZG,0.590506167047124,0.0219366723695202,-0.0093103692940133,3.03512839813969,3.38255281270405,3.22877995958217,0.583485289732181
Austria,AUT,"Manufacturing, value added (annual % growth)",NV.IND.MANF.KD.ZG,0.260251554312589,2.23725264685875,0.853837335781776,4.35650605148119,3.22496720831663,4.4604624561358,0.969509142400838
Austria,AUT,Adjusted net national income (annual % growth),NY.ADJ.NNTY.KD.ZG,-0.393174272784364,0.960418611827762,0.477993383637454,3.88536966331696,-0.0355342708762123,2.30410647565145,1.55533222690811
Austria,AUT,Adjusted net national income per capita (annual % growth),NY.ADJ.NNTY.PC.KD.ZG,-0.978517544647303,0.174446259225007,-0.642067758901447,2.76800955510494,-0.727502485035913,1.8070234537728,1.10474499927453
El Salvador,SLV,Depth of credit information index (0=low to 8=high),IC.CRD.INFO.XQ,7,7,7,7,7,7,7
El Salvador,SLV,Domestic credit to private sector (% of GDP),FS.AST.PRVT.GD.ZS,51.5041857038078,53.2701980017235,54.0918954267897,55.0597980078069,56.0486779897987,57.2770156356153,59.0743132128325
El Salvador,SLV,Bank nonperforming loans to total gross loans (%),FB.AST.NPER.ZS,2.29198045695359,2.307449349322,2.2540984821962,1.9684661443707,1.89419432594823,1.84617175476304,1.72062907242908
El Salvador,SLV,"Agriculture, forestry, and fishing, value added (annual % growth)",NV.AGR.TOTL.KD.ZG,-7.19835252269961,0.867460157353236,-5.5,8.34920634920636,0.664127356187123,-2.72630251285534,1.03730301216835
El Salvador,SLV,"Annualized average growth rate in per capita real survey mean consumption or income, total population (%)",SI.SPR.PCAP.ZG,..,..,..,..,..,..,..
El Salvador,SLV,GDP per capita growth (annual %),NY.GDP.PCAP.KD.ZG,1.83312065536228,1.31749915211444,2.04601626752148,2.22008540353107,1.98421124468231,2.2543628999441,2.37426592723547
El Salvador,SLV,GDP growth (annual %),NY.GDP.MKTP.KD.ZG,2.23562441509826,1.7087062652563,2.40000000000001,2.5390625,2.24761904761905,2.41244411326377,2.43747157799
El Salvador,SLV,"Industry (including construction), value added (annual % growth)",NV.IND.TOTL.KD.ZG,0.77011911968809,1.85291334075855,1.57948082132113,1.3247847473782,2.2507441251288,1.48625336010164,4.38635332304969
El Salvador,SLV,"Manufacturing, value added (annual % growth)",NV.IND.MANF.KD.ZG,0.785286216160358,2.52204223908142,3.05,1.31004366812226,1.26436781609196,0.482406356413165,1.94860208980514
El Salvador,SLV,Adjusted net national income (annual % growth),NY.ADJ.NNTY.KD.ZG,-0.00769137595885638,0.841276095634555,3.87798371806194,2.29191898315111,0.131014382333788,0.149931032003508,4.22590646563137
El Salvador,SLV,Adjusted net national income per capita (annual % growth),NY.ADJ.NNTY.PC.KD.ZG,-0.401363155205246,0.453405421082564,3.51889078447928,1.97371069731389,-0.126940675690548,-0.00465782434592654,4.16159732033361
Finland,FIN,Depth of credit information index (0=low to 8=high),IC.CRD.INFO.XQ,6,6,6,6,6,6,6
Finland,FIN,Domestic credit to private sector (% of GDP),FS.AST.PRVT.GD.ZS,92.9370940823508,92.914832017864,94.448518106772,93.9995770464973,93.3690085328832,94.2487428360932,95.3972767220606
Finland,FIN,Bank nonperforming loans to total gross loans (%),FB.AST.NPER.ZS,0.440752731540527,0.847591074961831,0.93246083066103,1.04758761475179,0.72626236804278,0.950566178824407,1.5073192904517
Finland,FIN,"Agriculture, forestry, and fishing, value added (annual % growth)",NV.AGR.TOTL.KD.ZG,1.70132325141776,6.85408921933086,3.58773646444878,2.22502099076407,2.21765913757702,-0.823623945359586,5.18533522382015
Finland,FIN,"Annualized average growth rate in per capita real survey mean consumption or income, total population (%)",SI.SPR.PCAP.ZG,..,..,..,..,..,..,..
Finland,FIN,GDP per capita growth (annual %),NY.GDP.PCAP.KD.ZG,-1.35721561109078,-0.776108383146138,0.213029419665261,2.5163798952421,2.95053137282473,1.00565417029748,1.11326909206437
Finland,FIN,GDP growth (annual %),NY.GDP.MKTP.KD.ZG,-0.901696316194844,-0.364908156882066,0.543659211765487,2.81145776663433,3.19240962968416,1.1397180134305,1.22474892206223
Finland,FIN,"Industry (including construction), value added (annual % growth)",NV.IND.TOTL.KD.ZG,-0.522739153162576,-0.974170338332186,0.549024410155937,3.86481274738659,6.19515722410054,-2.36294374206371,0.70492884742248
Finland,FIN,"Manufacturing, value added (annual % growth)",NV.IND.MANF.KD.ZG,0.820678513731821,-0.88770670426868,0.368609952468717,4.90319255178635,7.43174768909498,-4.30208958637053,3.15431029332696
Finland,FIN,Adjusted net national income (annual % growth),NY.ADJ.NNTY.KD.ZG,-1.05584161068852,1.01627337909042,2.3144202017332,2.26633623794019,2.41881971703597,2.05207113281745,0.752667023432736
Finland,FIN,Adjusted net national income per capita (annual % growth),NY.ADJ.NNTY.PC.KD.ZG,-1.51065235505182,0.599372930649665,1.97796740356215,1.9728229129889,2.17875471931318,1.91679793723733,0.641707101958872
Iceland,ISL,Depth of credit information index (0=low to 8=high),IC.CRD.INFO.XQ,7,7,7,7,7,7,7
Iceland,ISL,Domestic credit to private sector (% of GDP),FS.AST.PRVT.GD.ZS,107.175296059148,94.2348719751959,87.2336945069416,84.1890741368411,86.8247061562628,90.9012169186387,88.2753742579605
Iceland,ISL,Bank nonperforming loans to total gross loans (%),FB.AST.NPER.ZS,..,..,5.85225689416538,4.12279811915939,2.86409951072451,2.51329639871644,2.92802451232259
Iceland,ISL,"Agriculture, forestry, and fishing, value added (annual % growth)",NV.AGR.TOTL.KD.ZG,2.09466856378458,-0.949071734008839,4.68296849608727,1.07697534099383,0.0424979400238641,6.62847426222358,5.84031743520516
Iceland,ISL,"Annualized average growth rate in per capita real survey mean consumption or income, total population (%)",SI.SPR.PCAP.ZG,..,..,..,..,5.26,..,..
Iceland,ISL,GDP per capita growth (annual %),NY.GDP.PCAP.KD.ZG,3.56817578247606,0.562209388696957,3.35414533328364,4.83829921427557,1.7794101347671,2.11700839171118,0.187989583706965
Iceland,ISL,GDP growth (annual %),NY.GDP.MKTP.KD.ZG,4.55246032015108,1.68721501750639,4.43666371937172,6.30368710650176,4.19494882908376,4.88879824383446,2.41545609212417
Iceland,ISL,"Industry (including construction), value added (annual % growth)",NV.IND.TOTL.KD.ZG,6.41112661987037,3.83147213572175,4.7836066016574,5.53991314253921,4.6327347192435,4.26461909270795,2.34839695593098
Iceland,ISL,"Manufacturing, value added (annual % growth)",NV.IND.MANF.KD.ZG,6.39469187731301,2.33785786575014,5.02410719736825,-1.19122292380513,1.21136392542304,4.74955119951194,-2.89818275897296
Iceland,ISL,Adjusted net national income (annual % growth),NY.ADJ.NNTY.KD.ZG,15.2290428793046,3.74519623139294,8.6189722301953,7.62616312510221,5.02579462355772,0.303901157434126,8.92688699235984
Iceland,ISL,Adjusted net national income per capita (annual % growth),NY.ADJ.NNTY.PC.KD.ZG,14.1442461672053,2.59742234750631,7.49310292022646,6.14254500588987,2.59099453328939,-2.34672827117501,6.55780129084835
Japan,JPN,Depth of credit information index (0=low to 8=high),IC.CRD.INFO.XQ,6,6,6,6,6,6,6
Japan,JPN,Domestic credit to private sector (% of GDP),FS.AST.PRVT.GD.ZS,160.76476025387,161.70071567488,160.935876898097,161.816271667923,167.194601797593,166.876567741722,174.630522378866
Japan,JPN,Bank nonperforming loans to total gross loans (%),FB.AST.NPER.ZS,..,..,..,..,..,..,..
Japan,JPN,"Agriculture, forestry, and fishing, value added (annual % growth)",NV.AGR.TOTL.KD.ZG,-1.55578627905119,-5.7487303467411,-4.21601707753753,-8.05550063804165,0.738901812068733,-6.72552634132143,3.96097276831222
Japan,JPN,"Annualized average growth rate in per capita real survey mean consumption or income, total population (%)",SI.SPR.PCAP.ZG,..,..,..,..,..,..,..
Japan,JPN,GDP per capita growth (annual %),NY.GDP.PCAP.KD.ZG,2.15237106564643,0.429381122520397,1.66846511711745,0.805362824616168,1.75861180161444,0.711770198436739,-0.100125010765368
Japan,JPN,GDP growth (annual %),NY.GDP.MKTP.KD.ZG,2.0051001767726,0.296205514142628,1.56062669674904,0.753826745903538,1.67533175166503,0.584068067242868,-0.240350840922716
Japan,JPN,"Industry (including construction), value added (annual % growth)",NV.IND.TOTL.KD.ZG,1.54491824618002,2.53021220339562,2.44530640172789,0.8605913715882,4.18176733868971,2.33319868222956,-2.01040239476818
Japan,JPN,"Manufacturing, value added (annual % growth)",NV.IND.MANF.KD.ZG,-0.578348282152632,2.29359332487888,2.85446560282065,0.104728020513249,4.13528717902187,3.34711481909078,-2.39754352329379
Japan,JPN,Adjusted net national income (annual % growth),NY.ADJ.NNTY.KD.ZG,2.74716000125514,0.29662265481798,3.94050342875285,0.85440658609059,1.7339925734952,-0.786219785673367,0.0427443392795084
Japan,JPN,Adjusted net national income per capita (annual % growth),NY.ADJ.NNTY.PC.KD.ZG,2.89550224646078,0.42979881708473,4.0508688337983,0.90599411188694,1.81732067124622,-0.660257380089419,0.183368098429114
Italy,ITA,Depth of credit information index (0=low to 8=high),IC.CRD.INFO.XQ,7,7,7,7,7,7,7
Italy,ITA,Domestic credit to private sector (% of GDP),FS.AST.PRVT.GD.ZS,90.8424628149424,88.6112226724549,87.345191816861,84.9436379620363,80.7825530544639,76.716594279118,74.0459806133476
Italy,ITA,Bank nonperforming loans to total gross loans (%),FB.AST.NPER.ZS,16.5427056350995,18.0330469839719,18.0643688300521,17.1162385246125,14.3832990405839,8.38628316437891,6.74918443535526
Italy,ITA,"Agriculture, forestry, and fishing, value added (annual % growth)",NV.AGR.TOTL.KD.ZG,0.998285283986604,-2.26878024241843,4.7424714529506,-0.0564542077397903,-3.76349593329373,1.85330486773839,-1.58310242690617
Italy,ITA,"Annualized average growth rate in per capita real survey mean consumption or income, total population (%)",SI.SPR.PCAP.ZG,..,..,..,..,..,..,..
Italy,ITA,GDP per capita growth (annual %),NY.GDP.PCAP.KD.ZG,-2.97240379999698,-0.917813879753353,0.875477401786128,1.46569044434084,1.82033385192226,1.11781661979235,1.64850339347826
Italy,ITA,GDP growth (annual %),NY.GDP.MKTP.KD.ZG,-1.84106545088248,-0.00454754236383792,0.778304350716581,1.29346273155907,1.66785904106857,0.925810941012742,0.483198316597154
Italy,ITA,"Industry (including construction), value added (annual % growth)",NV.IND.TOTL.KD.ZG,-3.05167756752157,-2.09656242420925,0.500629644098254,2.69421446430268,2.92741001311808,1.87880897053665,0.383797809643923
Italy,ITA,"Manufacturing, value added (annual % growth)",NV.IND.MANF.KD.ZG,-1.33768192716744,0.222404600415643,2.54059548070833,2.97354743814901,3.47538086798329,1.72373322326732,-0.443773522958551
Italy,ITA,Adjusted net national income (annual % growth),NY.ADJ.NNTY.KD.ZG,-1.1224871109734,0.839212104620103,0.470174951887458,4.01083749326598,1.78047130301184,1.34150464013338,0.75474095426307
Italy,ITA,Adjusted net national income per capita (annual % growth),NY.ADJ.NNTY.PC.KD.ZG,-2.26210749000717,-0.081760356033044,0.567050896610553,4.18768551645434,1.93311500237661,1.53430115279502,1.92319511496677
Mexico,MEX,Depth of credit information index (0=low to 8=high),IC.CRD.INFO.XQ,8,8,8,8,8,8,8
Mexico,MEX,Domestic credit to private sector (% of GDP),FS.AST.PRVT.GD.ZS,29.0174615452067,29.2368361941319,31.9203247435746,33.981702247293,35.2857658472529,34.5472947146103,36.5693551096911
Mexico,MEX,Bank nonperforming loans to total gross loans (%),FB.AST.NPER.ZS,3.24319853307225,3.03673838516336,2.52321190374827,2.08747829846382,2.08987290913364,2.05085395317559,2.09045589042833
Mexico,MEX,"Agriculture, forestry, and fishing, value added (annual % growth)",NV.AGR.TOTL.KD.ZG,2.28023812271709,3.74958064178475,2.06897803365702,3.51752941363304,3.37502057367898,2.60435146835241,-0.2609691887655
Mexico,MEX,"Annualized average growth rate in per capita real survey mean consumption or income, total population (%)",SI.SPR.PCAP.ZG,..,..,..,..,..,..,..
Mexico,MEX,GDP per capita growth (annual %),NY.GDP.PCAP.KD.ZG,0.0278491497182358,1.58082066291567,2.09471782379221,1.47405322706069,1.01581618490397,1.22705012273423,-1.05391817559632
Mexico,MEX,GDP growth (annual %),NY.GDP.MKTP.KD.ZG,1.35409196151679,2.84977325490688,3.29315152833387,2.63053242455089,2.11312913549695,2.19499472522698,-0.199047772272948
Mexico,MEX,"Industry (including construction), value added (annual % growth)",NV.IND.TOTL.KD.ZG,-0.223161401995924,2.57299249406111,1.10142904120907,0.316528677290151,-0.24928598779735,0.437991474236824,-1.84272249126415
Mexico,MEX,"Manufacturing, value added (annual % growth)",NV.IND.MANF.KD.ZG,0.525498488060734,4.01375914772291,2.93635233337099,1.55232170231892,2.78424653740528,1.84367166947628,0.196492370393543
Mexico,MEX,Adjusted net national income (annual % growth),NY.ADJ.NNTY.KD.ZG,-0.0409789692583757,4.57175748686736,3.44775428107809,2.2485882472466,2.78480373108216,1.82109559889368,0.46849669092272
Mexico,MEX,Adjusted net national income per capita (annual % growth),NY.ADJ.NNTY.PC.KD.ZG,-1.3489669404473,3.28155918586425,2.24752683564495,1.09641293949778,1.6802729306538,0.856692399208228,-0.392091734040207
Norway,NOR,Depth of credit information index (0=low to 8=high),IC.CRD.INFO.XQ,6,6,6,6,6,6,6
Norway,NOR,Domestic credit to private sector (% of GDP),FS.AST.PRVT.GD.ZS,124.983003519118,129.100895500338,138.678496307496,145.808592746376,146.486871628236,143.401024226906,150.790546555001
Norway,NOR,Bank nonperforming loans to total gross loans (%),FB.AST.NPER.ZS,1.33872670729875,1.13088790719266,1.0533756114736,1.18473037859688,1.00040357973015,0.746427849824663,0.801131694159603
Norway,NOR,"Agriculture, forestry, and fishing, value added (annual % growth)",NV.AGR.TOTL.KD.ZG,-4.06489245351804,6.88031752063674,-5.51100225180737,-6.01847980600385,4.21069021509442,-0.883671291355398,1.16073735894564
Norway,NOR,"Annualized average growth rate in per capita real survey mean consumption or income, total population (%)",SI.SPR.PCAP.ZG,..,..,..,..,..,..,0.36
Norway,NOR,GDP per capita growth (annual %),NY.GDP.PCAP.KD.ZG,-0.180216050698121,0.826056236088164,0.95750076290291,0.185059679800673,1.50018092554136,0.453550486030423,0.0679926261787642
Norway,NOR,GDP growth (annual %),NY.GDP.MKTP.KD.ZG,1.03407291353631,1.9695443007939,1.96712843821408,1.07155897720727,2.32329020838249,1.11882847945122,0.745798219243483
Norway,NOR,"Industry (including construction), value added (annual % growth)",NV.IND.TOTL.KD.ZG,-0.774122347692668,1.44567262565522,1.90386159111074,0.53099913452219,3.20576796974559,-1.85384430185384,-1.06733818925048
Norway,NOR,"Manufacturing, value added (annual % growth)",NV.IND.MANF.KD.ZG,3.37037054616044,3.00059690527573,-4.66688955756157,-4.27577435283555,0.304818476689192,1.82627498344176,1.78730283232737
Norway,NOR,Adjusted net national income (annual % growth),NY.ADJ.NNTY.KD.ZG,2.54254260117234,2.26662753282561,-0.5991418352354,-1.61414820850926,2.31617305372708,2.99430019262732,-3.31549283340563
Norway,NOR,Adjusted net national income per capita (annual % growth),NY.ADJ.NNTY.PC.KD.ZG,1.31012393037697,1.11980797210916,-1.58335958158133,-2.47709115082181,1.49312102272035,2.31668315140681,-3.96597454955233
Portugal,PRT,Depth of credit information index (0=low to 8=high),IC.CRD.INFO.XQ,7,7,7,7,7,7,7
Portugal,PRT,Domestic credit to private sector (% of GDP),FS.AST.PRVT.GD.ZS,143.087426445125,129.750483045172,119.84097391555,111.248973275006,102.611310464691,96.9972706075447,90.2648830351279
Portugal,PRT,Bank nonperforming loans to total gross loans (%),FB.AST.NPER.ZS,9.21340777024835,10.448048080803,16.7400634913285,16.5658132039701,13.1873609272177,9.42696352418473,6.18151003441012
Portugal,PRT,"Agriculture, forestry, and fishing, value added (annual % growth)",NV.AGR.TOTL.KD.ZG,3.08676893108206,-0.0208628937418638,5.11567949356946,-1.1878418553837,2.02705892450967,-1.05959094909946,3.33562911260692
Portugal,PRT,"Annualized average growth rate in per capita real survey mean consumption or income, total population (%)",SI.SPR.PCAP.ZG,..,..,..,..,..,..,..
Portugal,PRT,GDP per capita growth (annual %),NY.GDP.PCAP.KD.ZG,-0.377398248791067,1.33711996744654,2.2144828853083,2.34182321593775,3.75909438887767,3.01412372965098,2.65839260557085
Portugal,PRT,GDP growth (annual %),NY.GDP.MKTP.KD.ZG,-0.922644674527888,0.792190301875365,1.79204604555983,2.01948539561312,3.5063452848124,2.84932593436179,2.68275992118076
Portugal,PRT,"Industry (including construction), value added (annual % growth)",NV.IND.TOTL.KD.ZG,-2.20505819473158,0.1392799703912,2.08020923549516,1.24392596741411,4.14233647027424,4.37171342120119,1.30819448825292
Portugal,PRT,"Manufacturing, value added (annual % growth)",NV.IND.MANF.KD.ZG,0.786193965905937,2.70844648443776,2.83259822745889,2.07649768229057,6.02284675811873,3.56065059934771,0.567955332173881
Portugal,PRT,Adjusted net national income (annual % growth),NY.ADJ.NNTY.KD.ZG,1.57306056959028,0.190869428300772,2.62709082944521,2.77341746944531,3.35757014657861,1.97751931507248,3.05106894965341
Portugal,PRT,Adjusted net national income per capita (annual % growth),NY.ADJ.NNTY.PC.KD.ZG,2.13204145926768,0.732548072324036,3.05299310380529,3.09813739178122,3.60995596100409,2.1409201949471,3.02661423181215
Spain,ESP,Depth of credit information index (0=low to 8=high),IC.CRD.INFO.XQ,7,7,7,7,7,7,7
Spain,ESP,Domestic credit to private sector (% of GDP),FS.AST.PRVT.GD.ZS,146.470039003524,130.559321639964,119.205318284525,111.749340464098,105.838319747577,99.5207079898892,94.5957207993815
Spain,ESP,Bank nonperforming loans to total gross loans (%),FB.AST.NPER.ZS,7.12373619141485,6.38267849950904,5.09174595659944,4.71813279786195,4.46120203086986,3.68642493378735,3.15282728174409
Spain,ESP,"Agriculture, forestry, and fishing, value added (annual % growth)",NV.AGR.TOTL.KD.ZG,13.8729246487867,-1.31781858965371,4.68816593266088,4.77337494911114,-3.65573292750057,7.50487329434696,-5.86488260855972
Spain,ESP,"Annualized average growth rate in per capita real survey mean consumption or income, total population (%)",SI.SPR.PCAP.ZG,..,..,..,..,..,..,..
Spain,ESP,GDP per capita growth (annual %),NY.GDP.PCAP.KD.ZG,-1.07974126518728,1.69935265928203,3.91911726500582,2.95081590903861,2.73447515505379,1.83746046437267,1.25463175469125
Spain,ESP,GDP growth (annual %),NY.GDP.MKTP.KD.ZG,-1.40334186790638,1.39577536727975,3.83851887667484,3.03777414172446,2.97576072924863,2.28446941947622,1.9839662230883
Spain,ESP,"Industry (including construction), value added (annual % growth)",NV.IND.TOTL.KD.ZG,-5.75514078973069,0.653553819385877,3.62723080680148,4.036282646064,3.45685263405686,0.574421500021472,2.25468267112878
Spain,ESP,"Manufacturing, value added (annual % growth)",NV.IND.MANF.KD.ZG,-1.03799621600041,2.0688264080122,4.61829273531814,2.29796320630749,5.6824932962957,-1.14330426327145,0.451852364156125
Spain,ESP,Adjusted net national income (annual % growth),NY.ADJ.NNTY.KD.ZG,-0.10956457546159,0.480657679641695,4.70422809025499,4.6990019073244,2.12041168474644,2.30850383716631,2.55735917853659
Spain,ESP,Adjusted net national income per capita (annual % growth),NY.ADJ.NNTY.PC.KD.ZG,0.218282287927536,0.781495124264026,4.78549843315672,4.61064168947544,1.88113030439176,1.8613898455895,1.82392411215501
South Africa,ZAF,Depth of credit information index (0=low to 8=high),IC.CRD.INFO.XQ,8,7,7,7,7,7,7
South Africa,ZAF,Domestic credit to private sector (% of GDP),FS.AST.PRVT.GD.ZS,127.029272479725,128.838374779653,127.203244242731,124.360496111764,127.030283858454,118.703590508802,117.880883152037
South Africa,ZAF,Bank nonperforming loans to total gross loans (%),FB.AST.NPER.ZS,3.64128702921644,3.24484679094119,3.12168564309893,2.85780789685004,2.84200004498428,3.72802083553832,3.89239038176021
South Africa,ZAF,"Agriculture, forestry, and fishing, value added (annual % growth)",NV.AGR.TOTL.KD.ZG,4.47989940689759,10.9491825082497,-3.63762939545256,-5.15136308922725,19.0803592411625,0.468822677005676,-6.44837982849779
South Africa,ZAF,"Annualized average growth rate in per capita real survey mean consumption or income, total population (%)",SI.SPR.PCAP.ZG,..,-1.25,..,..,..,..,..
South Africa,ZAF,GDP per capita growth (annual %),NY.GDP.PCAP.KD.ZG,1.09946173503064,-0.172220609328434,-0.75792811406113,-0.309171167254917,0.766941613003056,0.285735634702661,-0.987175237121861
South Africa,ZAF,GDP growth (annual %),NY.GDP.MKTP.KD.ZG,2.48546800826588,1.41382645223793,1.32186223678229,0.664552307858116,1.15794695181735,1.5223293874314,0.303453234515089
South Africa,ZAF,"Industry (including construction), value added (annual % growth)",NV.IND.TOTL.KD.ZG,1.92225812342042,-0.606030960187496,0.507676136000512,-0.685526883047316,-0.418446411249363,0.588192569184343,-1.51787565226694
South Africa,ZAF,"Manufacturing, value added (annual % growth)",NV.IND.MANF.KD.ZG,1.01847543536699,-0.645226196913299,-0.185399244282692,0.44947315357345,-0.188364593198727,1.61577893238329,-1.03872347745579
South Africa,ZAF,Adjusted net national income (annual % growth),NY.ADJ.NNTY.KD.ZG,1.4269671171772,1.67363685909001,3.39615927078347,-0.410249203048721,2.74498216226542,1.08455458024383,0.621577809801082
South Africa,ZAF,Adjusted net national income per capita (annual % growth),NY.ADJ.NNTY.PC.KD.ZG,0.0552759356694565,0.0835265297546783,1.27379071558356,-1.3735761737492,2.34784246368139,-0.146706852049221,-0.673144046671098
Sweden,SWE,Depth of credit information index (0=low to 8=high),IC.CRD.INFO.XQ,5,5,5,5,5,5,5
Sweden,SWE,Domestic credit to private sector (% of GDP),FS.AST.PRVT.GD.ZS,130.416507201378,129.369278663972,126.63344654463,128.521974137894,131.281742598096,131.873787618266,131.085335349063
Sweden,SWE,Bank nonperforming loans to total gross loans (%),FB.AST.NPER.ZS,0.614387787530393,1.23836746975005,1.16510580742993,1.06459067890898,1.11978084734839,0.494908669779694,0.581325196187856
Sweden,SWE,"Agriculture, forestry, and fishing, value added (annual % growth)",NV.AGR.TOTL.KD.ZG,-0.138430412096696,6.43882846378048,3.11732981583211,-1.58036205835681,5.82080221118093,-10.1383706467662,5.00008650668697
Sweden,SWE,"Annualized average growth rate in per capita real survey mean consumption or income, total population (%)",SI.SPR.PCAP.ZG,..,..,..,..,..,..,..
Sweden,SWE,GDP per capita growth (annual %),NY.GDP.PCAP.KD.ZG,0.333984863287881,1.64424400595537,3.39017629600058,0.79614630049835,1.19514757132167,0.772577449000039,0.957561656419784
Sweden,SWE,GDP growth (annual %),NY.GDP.MKTP.KD.ZG,1.187775715906,2.65779827531642,4.48928158790491,2.07059315052096,2.56792452526476,1.95002284569983,1.98619587380391
Sweden,SWE,"Industry (including construction), value added (annual % growth)",NV.IND.TOTL.KD.ZG,-3.5558373961958,0.459705224106301,5.26152645369906,-0.445638840809366,4.3516334319681,1.04034855704278,0.214747328777349
Sweden,SWE,"Manufacturing, value added (annual % growth)",NV.IND.MANF.KD.ZG,-3.45995800422739,-1.1355963636429,5.5656329450503,0.462180234764787,3.76062769287834,2.36899682567004,-1.83142129156589
Sweden,SWE,Adjusted net national income (annual % growth),NY.ADJ.NNTY.KD.ZG,1.16935860114727,2.58071549644465,3.5702397520181,1.95175257553635,3.16581321775382,1.33226545489435,3.41129296120968
Sweden,SWE,Adjusted net national income per capita (annual % growth),NY.ADJ.NNTY.PC.KD.ZG,0.315723146392187,1.56792227574169,2.4808017076051,0.678789561276545,1.78503407577901,0.161954687258685,2.36828519439918
Switzerland,CHE,Depth of credit information index (0=low to 8=high),IC.CRD.INFO.XQ,7,7,7,7,7,7,7
Switzerland,CHE,Domestic credit to private sector (% of GDP),FS.AST.PRVT.GD.ZS,164.061039153883,165.124027269283,166.776966059943,170.385550398773,..,..,..
Switzerland,CHE,Bank nonperforming loans to total gross loans (%),FB.AST.NPER.ZS,0.76062170262865,0.713941399054859,0.747486157103378,0.739474218197545,0.637213989984464,0.661973847784663,0.64341884743557
Switzerland,CHE,"Agriculture, forestry, and fishing, value added (annual % growth)",NV.AGR.TOTL.KD.ZG,-6.57868728692728,10.9674952676418,-9.43303409110584,0.939278576892349,-3.12418989835955,8.52151774627869,-3.81195047227436
Switzerland,CHE,"Annualized average growth rate in per capita real survey mean consumption or income, total population (%)",SI.SPR.PCAP.ZG,..,..,..,..,..,0.08,..
Switzerland,CHE,GDP per capita growth (annual %),NY.GDP.PCAP.KD.ZG,0.628360675437008,1.10869359440046,0.494129822392765,0.960131673178253,0.421326163056477,2.10552472012415,0.423089768227314
Switzerland,CHE,GDP growth (annual %),NY.GDP.MKTP.KD.ZG,1.79214405707484,2.34988127508626,1.64462768699285,2.0686896670996,1.36279955711416,2.86044579461633,1.14198232505277
Switzerland,CHE,"Industry (including construction), value added (annual % growth)",NV.IND.TOTL.KD.ZG,2.12533870803331,0.379178341279157,-0.282760389201115,1.88618054246909,4.33490012649777,5.58423927329761,2.67076957764758
Switzerland,CHE,"Manufacturing, value added (annual % growth)",NV.IND.MANF.KD.ZG,2.18084957856294,1.37324782652699,0.607657473761009,3.9714769598812,5.11382282932202,5.29297080446757,3.16959773839802
Switzerland,CHE,Adjusted net national income (annual % growth),NY.ADJ.NNTY.KD.ZG,0.559850901658152,-0.157200184142141,3.79651752783623,-1.38461885359501,-0.641486790303006,-0.911650198804509,1.61235554975016
Switzerland,CHE,Adjusted net national income per capita (annual % growth),NY.ADJ.NNTY.PC.KD.ZG,-0.589843747407414,-1.36798471650079,2.62166279634523,-2.45567080351231,-1.56434406209088,-1.63888682434798,0.890119694697873
United Arab Emirates,ARE,Depth of credit information index (0=low to 8=high),IC.CRD.INFO.XQ,6,7,7,7,8,8,8
United Arab Emirates,ARE,Domestic credit to private sector (% of GDP),FS.AST.PRVT.GD.ZS,..,..,..,84.7052070870221,80.7200407529448,76.3249507790972,78.1589860379455
United Arab Emirates,ARE,Bank nonperforming loans to total gross loans (%),FB.AST.NPER.ZS,5.85229580988926,5.31214096469623,4.74620283630956,4.79735362210193,4.99704232082412,5.25650797811494,6.02686885240592
United Arab Emirates,ARE,"Agriculture, forestry, and fishing, value added (annual % growth)",NV.AGR.TOTL.KD.ZG,-0.744908237145339,-0.16613158384061,0.399547979993912,4.01521459552534,4.37358712312313,4.90411568351621,9.96052730603895
United Arab Emirates,ARE,"Annualized average growth rate in per capita real survey mean consumption or income, total population (%)",SI.SPR.PCAP.ZG,..,..,..,..,..,1.84,..
United Arab Emirates,ARE,GDP per capita growth (annual %),NY.GDP.PCAP.KD.ZG,4.01269214164878,3.1742024888152,5.81735787418565,4.6535053902119,-0.0873260721437106,0.517239888578146,0.323686531170736
United Arab Emirates,ARE,GDP growth (annual %),NY.GDP.MKTP.KD.ZG,5.05555965425988,4.16569184256178,6.78677287945216,5.56149075496799,0.735068713165646,1.31391388141118,1.10834813893099
United Arab Emirates,ARE,"Industry (including construction), value added (annual % growth)",NV.IND.TOTL.KD.ZG,3.01720964131098,1.15423824981826,8.00932937336532,5.02296835095039,-2.89994039052995,3.28401442101112,-0.841637656288583
United Arab Emirates,ARE,"Manufacturing, value added (annual % growth)",NV.IND.MANF.KD.ZG,5.98464069401517,2.12150011458601,17.2148513777924,11.9415131653604,3.5235027184832,0.811777945082298,3.97299648818074
United Arab Emirates,ARE,Adjusted net national income (annual % growth),NY.ADJ.NNTY.KD.ZG,7.66853416004396,5.59290592134285,-8.68410369767993,1.18621860304195,8.08510352223959,-1.39253052620455,-0.00482374054365664
United Arab Emirates,ARE,Adjusted net national income per capita (annual % growth),NY.ADJ.NNTY.PC.KD.ZG,6.5997281227862,4.5878317918452,-9.51307340720339,0.315867067178942,7.20270351356518,-2.16792260631709,-0.78084646484136
United States,USA,Depth of credit information index (0=low to 8=high),IC.CRD.INFO.XQ,8,8,8,8,8,8,8
United States,USA,Domestic credit to private sector (% of GDP),FS.AST.PRVT.GD.ZS,184.572858143723,185.399004308009,180.732080156396,183.716365835285,191.818462892639,180.572039809232,191.401950018716
United States,USA,Bank nonperforming loans to total gross loans (%),FB.AST.NPER.ZS,2.45239118205519,1.85071180176899,1.4734265470522,1.32052217577728,1.12682415706513,0.913161529735838,0.855251960083455
United States,USA,"Agriculture, forestry, and fishing, value added (annual % growth)",NV.AGR.TOTL.KD.ZG,15.7245101509429,0.793427336844061,7.2801897272639,7.39063913377113,-2.76564498166104,3.55946665051685,-0.983828934748331
United States,USA,"Annualized average growth rate in per capita real survey mean consumption or income, total population (%)",SI.SPR.PCAP.ZG,..,..,..,..,..,..,..
United States,USA,GDP per capita growth (annual %),NY.GDP.PCAP.KD.ZG,1.13869234666606,1.54038064866397,1.95300411790625,0.933375361665711,1.59713559028371,2.40486787201,1.82966838809384
United States,USA,GDP growth (annual %),NY.GDP.MKTP.KD.ZG,1.84187539518688,2.28777593255359,2.70636958176399,1.66747207596187,2.24192121597748,2.9453848312678,2.29443907769311
United States,USA,"Industry (including construction), value added (annual % growth)",NV.IND.TOTL.KD.ZG,2.38957578209057,2.2754648437858,2.36707409257504,0.608765464420102,3.16431994476034,3.12014770901754,2.2868408236919
United States,USA,"Manufacturing, value added (annual % growth)",NV.IND.MANF.KD.ZG,2.80984998585099,1.77198006187203,1.01521887909497,-0.296072065323401,3.35737217607333,4.2066138137194,1.56611283456154
United States,USA,Adjusted net national income (annual % growth),NY.ADJ.NNTY.KD.ZG,1.27709833539549,2.9344223395302,3.97703722688019,0.614794651178258,2.78321318043646,2.3705484825397,2.1019403625419
United States,USA,Adjusted net national income per capita (annual % growth),NY.ADJ.NNTY.PC.KD.ZG,0.577814877815001,2.18230214623172,3.21435123963356,-0.111701136066529,2.13501391311863,1.83304971390592,1.63804428315011
United Kingdom,GBR,Depth of credit information index (0=low to 8=high),IC.CRD.INFO.XQ,8,8,8,8,8,8,8
United Kingdom,GBR,Domestic credit to private sector (% of GDP),FS.AST.PRVT.GD.ZS,149.472365981857,135.489427021403,130.557970388309,131.828227707367,133.108458097043,133.65419646706,132.301188197724
United Kingdom,GBR,Bank nonperforming loans to total gross loans (%),FB.AST.NPER.ZS,3.11174173873799,1.65439245472471,1.01450855087338,1.68730158721445,1.35974413009585,1.09642081691302,1.01809938348475
United Kingdom,GBR,"Agriculture, forestry, and fishing, value added (annual % growth)",NV.AGR.TOTL.KD.ZG,-1.56437180035775,41.5979193212425,-13.6890507437289,-10.1257691035395,4.57779423445415,-12.4896085274483,16.8984920316284
United Kingdom,GBR,"Annualized average growth rate in per capita real survey mean consumption or income, total population (%)",SI.SPR.PCAP.ZG,..,..,..,..,..,..,..
United Kingdom,GBR,GDP per capita growth (annual %),NY.GDP.PCAP.KD.ZG,1.14021296406929,2.44246580096015,1.58497938949145,1.39384882462006,1.74995379706114,1.09062395623573,1.0327408419658
United Kingdom,GBR,GDP growth (annual %),NY.GDP.MKTP.KD.ZG,1.81986337468368,3.19970262614801,2.393103183986,2.16520621052183,2.44357046987986,1.70502102232903,1.60430864787399
United Kingdom,GBR,"Industry (including construction), value added (annual % growth)",NV.IND.TOTL.KD.ZG,2.88991709589499,2.38455567612137,4.7552499886073,-0.0209228116565043,1.15816641423652,1.79447638794767,2.08922918108092
United Kingdom,GBR,"Manufacturing, value added (annual % growth)",NV.IND.MANF.KD.ZG,3.81701840586888,3.09632875813944,0.735197387140317,-0.610552942571445,1.21052345615868,4.29363509049627,1.1800309451977
United Kingdom,GBR,Adjusted net national income (annual % growth),NY.ADJ.NNTY.KD.ZG,1.95560489042153,3.90781282606436,3.24701791583679,1.75913090838637,2.71402339694802,1.54128183443636,..
United Kingdom,GBR,Adjusted net national income per capita (annual % growth),NY.ADJ.NNTY.PC.KD.ZG,1.27504840142667,3.14538018048145,2.43215471417693,0.990839431076694,2.01857556324174,0.927873912002198,..
,,,,,,,,,,
,,,,,,,,,,
,,,,,,,,,,
Data from database: World Development Indicators,,,,,,,,,,
Last Updated: 03/30/2023,,,,,,,,,,
